id,date,employee,cost_center,category,city,amount_usd
1,2026-03-04,A. Rivera,CC-100,lodging,Denver,198.00
2,2026-03-04,A. Rivera,CC-100,meals,Denver,61.50
3,2026-03-05,A. Rivera,CC-100,meals,Denver,74.25
4,2026-04-11,B. Chen,CC-200,air,Chicago,412.80
5,2026-04-12,B. Chen,CC-200,lodging,Chicago,236.00
6,2026-04-12,B. Chen,CC-200,meals,Chicago,88.10
7,2026-05-20,C. Okafor,CC-100,lodging,Austin,205.00
8,2026-05-20,C. Okafor,CC-100,meals,Austin,43.75
9,2026-05-21,C. Okafor,CC-100,air,Austin,356.40
10,2026-06-02,B. Chen,CC-200,meals,Boston,91.00
11,2026-06-02,B. Chen,CC-200,lodging,Boston,219.00
12,2026-06-15,A. Rivera,CC-300,air,Seattle,528.30
